Name,Asset Tag,Serial,Model,Category,Location,Status,Notes
Perceuse percussion Bosch GBH 2-26,OUTIL-001,SN-BOS-001,Bosch GBH 2-26,Perçage,Dépôt principal,Ready to Deploy,Perceuse SDS+ 800W
Chalumeau oxyacétylène,OUTIL-002,SN-CHA-001,Chalumeau Pro,Soudure,Dépôt principal,Ready to Deploy,Kit complet avec détendeurs
Coupe-tube 12-54mm Virax,OUTIL-003,SN-VIR-001,Virax 210212,Coupure,Dépôt principal,Ready to Deploy,
Clé à molette 250mm Facom,OUTIL-004,SN-FAC-001,Facom 111.25,Serrage,Van 1,Ready to Deploy,
Clé à molette 300mm Facom,OUTIL-005,SN-FAC-002,Facom 111.30,Serrage,Dépôt principal,Ready to Deploy,
Manomètre pression 0-10 bar,OUTIL-006,SN-MAN-001,Wika PG23,Mesure,Dépôt principal,Ready to Deploy,Contrôle installations gaz
Niveau laser rotatif Bosch,OUTIL-007,SN-BOL-001,Bosch GRL 300,Mesure,Dépôt principal,Ready to Deploy,
Dégorgeoir électrique 230V,OUTIL-008,SN-DEG-001,Rems Cobra 22,Débouchage,Dépôt principal,Ready to Deploy,Câble 22mm inclus
Visseuse sans fil Makita 18V,OUTIL-009,SN-MAK-001,Makita DDF484,Perçage,Van 2,Ready to Deploy,2 batteries 18V incluses
Pince multiprise Knipex 250mm,OUTIL-010,SN-KNI-001,Knipex 86-03,Serrage,Dépôt principal,Ready to Deploy,
Détecteur de fuite gaz,OUTIL-011,SN-DET-001,Bacharach Leakator,Mesure,Dépôt principal,Ready to Deploy,
Pompe de relevage 750W,OUTIL-012,SN-POM-001,Grundfos UP 20,Divers,Dépôt principal,Ready to Deploy,
Scie sauteuse Bosch,OUTIL-013,SN-SCI-001,Bosch PST 900,Coupure,Van 1,Ready to Deploy,
Meuleuse angulaire 125mm,OUTIL-014,SN-MEU-001,Makita GA5030,Coupure,Dépôt principal,Ready to Deploy,
Caméra d inspection,OUTIL-015,SN-CAM-001,Ridgid SeeSnake,Divers,Dépôt principal,Ready to Deploy,Inspection canalisations
